episode_num,mean_reward,std_reward,mean_reward_comfort_term,std_reward_comfort_term,mean_reward_energy_term,std_reward_energy_term,mean_comfort_penalty,std_comfort_penalty,mean_energy_penalty,std_energy_penalty,mean_temperature_violation,std_temperature_violation,mean_power_demand,std_power_demand,cumulative_power_demand,comfort_violation_time(%),length(timesteps),time_elapsed(hours),terminated,truncated
1,-0.0812582490653592,0.16461061301450172,-0.015282953069841966,0.10663616676683908,-0.06597529599551724,0.12352476357035388,-0.03056590613968393,0.21327233353367817,-1319.5059199103448,2470.4952714070773,0.006613818147975459,0.05701971304334675,1319.5059199103448,2470.4952714070773,63462956.72400794,2.185212907518297,48096,8016.0,False,True
2,-0.07634688686754781,0.17788313987569776,-0.024830463851943766,0.1402760044646006,-0.05151642301560405,0.10242758877999002,-0.04966092770388753,0.2805520089292012,-1030.3284603120812,2048.5517755998003,0.012222329341992048,0.08213823885591916,1030.3284603120812,2048.5517755998003,49554677.627169855,3.3017298735861607,48096,8016.0,False,True
3,-0.07799547291975631,0.19070924173786583,-0.03179367028602173,0.16140528532916815,-0.04620180263373457,0.09149326216893566,-0.06358734057204346,0.3228105706583363,-924.0360526746915,1829.8652433787129,0.015812976085623764,0.09667563551043405,924.0360526746915,1829.8652433787129,44442437.98944196,4.145874916833001,48096,8016.0,False,True
4,-0.07224181022225741,0.17682578877382274,-0.02895065548107867,0.1487257821907381,-0.04329115474117875,0.08558208514024777,-0.05790131096215734,0.2974515643814762,-865.8230948235749,1711.6417028049555,0.013906258954717124,0.08507976148123042,865.8230948235749,1711.6417028049555,41642627.56863466,3.929640718562874,48096,8016.0,False,True
5,-0.06989466296503427,0.17356688113243138,-0.027682078787539994,0.14594507302609608,-0.04221258417749427,0.08330839036197146,-0.05536415757507999,0.29189014605219216,-844.2516835498853,1666.167807239429,0.013285954528012916,0.0838416840684264,844.2516835498853,1666.167807239429,40605128.972015284,3.7508316699933464,48096,8016.0,False,True
6,-0.026767139328926288,0.07070977666165644,-0.004717739316468219,0.05791441999994928,-0.02204940001245807,0.03932286132262492,-0.009435478632936438,0.11582883999989856,-440.9880002491614,786.4572264524985,0.00188884205739729,0.03020629677630254,440.9880002491614,786.4572264524985,315306.4201781504,0.6993006993006993,715,119.33333333333333,False,False
